4G		MC94
abonnement		MC95
absences		MC1
Accès		MC2
accompagnement		MC96
Achats		MC3
AD		MC97
admin		MC98
admin local		MC99
administration		MC100
Adresse		MC401
ajout		MC101
alarme		MC102
alternance		MC103
amélioration		MC104
aménagement		MC105
anomalie		MC106
antispam		MC107
antivirus		MC108
apache		MC109
Applications		MC110
archives		MC5
article		MC111
assistance		MC112
audioconférence		MC113
Authentification		MC114
automatisation		MC115
Autorisation		MC116
Avis		MC117
base de données		MC9
batch		MC118
BI		MC119
bibliographie		MC120
bibliométrie		MC121
bibliothèque		MC11
blanche		MC122
boite		MC123
boite aux lettres		MC124
BRIS		MC125
bulle		MC126
cablage		MC127
CADIC		MC128
calendrier		MC129
CARECE		MC130
carte de visite		MC131
CDC		MC132
CDRom		MC133
centre		MC134
Certificat		MC135
CET		MC18
changer		MC136
chargement		MC137
CMDB		MC138
codev		MC139
cogéré		MC140
Collab		MC141
collaboratif		MC142
Communication		MC19
complexe		MC143
composant		MC144
compte		MC145
conduite		MC146
conférence		MC147
confidentialité		MC148
configuration		MC149
configurer		MC150
Conformité		MC400
Congés		MC151
congrès		MC152
conservation		MC153
consommable		MC154
copie		MC155
copieur		MC156
CPF		MC157
création		MC158
créer		MC159
customizing		MC160
Cycle de vie		MC161
DAMI		MC162
datacenter		MC163
DATI		MC164
débloquer		MC165
demande		MC166
dématérialisation		MC26
Déplacements		MC27
dérogation		MC167
destruction		MC168
devis		MC169
DIA		MC170
diffusion		MC171
disque		MC172
DNS		MC173
document		MC174
domaine		MC175
données		MC30
DPFT		MC176
droits		MC177
écart		MC178
échange		MC179
écran		MC180
edoc		MC181
emedia		MC182
Enquête		MC183
enregistrer		MC184
Entrée		MC185
épargne		MC38
epdf		MC186
epub		MC187
équipement		MC188
Espace		MC189
estat		MC190
estock		MC191
études		MC192
événement		MC193
exchange		MC194
exploitation		MC195
extension		MC196
EXTRA		MC197
EXTRANET		MC198
Eyelit		MC199
facturation		MC200
fax		MC201
FEA		MC202
fermeture		MC203
fichiers		MC204
filtrage		MC205
firewall		MC206
FLS		MC207
Forland		MC208
formation		MC43
Formulaire		MC209
FTP		MC210
GED		MC211
générique		MC212
gérer		MC213
GPO		MC214
Habilitation		MC215
hawai		MC216
hébergement		MC217
HNO		MC218
homedir		MC219
hotspot		MC220
I2I		MC221
IGC		MC222
IK		MC223
image		MC224
immobilier		MC225
impression		MC226
imprimantes		MC227
incident		MC228
industriel		MC229
infogéré		MC230
information		MC231
informatique industrielle		MC232
Infrastructure		MC233
Inscription		MC234
installation		MC235
installer		MC236
instance		MC237
intérim		MC238
internet		MC239
intervention		MC240
INTRA		MC241
intranet		MC242
invité		MC243
IPS		MC244
isolé		MC245
IST		MC246
jaune		MC247
journaux		MC248
lettre		MC249
linux		MC250
liste		MC251
livre		MC252
log		MC253
logiciel		MC254
LT1		MC255
mac		MC256
mail		MC257
maintenance		MC52
marché		MC54
master		MC258
matériel		MC259
matériel informatique		MC260
Messagerie		MC261
métier		MC262
missions		MC57
MOBI		MC263
mobile		MC264
mobilité		MC265
mobipass		MC266
MOBI-PUSH		MC267
modifier		MC268
mot de passe		MC269
muter		MC270
navigateur		MC271
Nettoyage		MC272
nomade		MC273
nommage		MC274
non-conformité		MC275
numérisation		MC276
ONCA		MC277
opérateur		MC278
opération		MC279
ordonnanceur		MC280
OS		MC281
outlook		MC282
ouverture		MC283
ouvrage		MC284
OWA		MC285
partage		MC286
partagé		MC287
partenaire		MC288
patch		MC289
patrimoine		MC62
PC		MC290
PERCO		MC291
périphérique		MC292
personnelle		MC293
photo		MC294
photocopieur		MC295
PHR		MC296
PHS		MC297
physique		MC298
poste		MC299
préparer		MC300
prestataire		MC301
prêt		MC302
prise		MC303
process		MC304
processus		MC305
production		MC306
projecteur		MC307
projet		MC68
publication		MC71
qualification		MC308
qualité		MC309
quarantaine		MC310
quota		MC311
raccordement		MC312
rafraichir		MC313
rapport		MC314
réalisation		MC315
recherche		MC74
réclamation		MC316
recopie		MC317
référencé		MC318
référentiel		MC319
réforme		MC320
réformer		MC321
reinitialiser		MC322
remasteriser		MC323
répertoires		MC324
réseau industriel		MC325
réseau isolé		MC326
réseaux		MC327
ressources		MC328
Restauration		MC76
restaurer		MC329
réunion		MC330
revue		MC77
routage		MC331
RSViewS		MC332
RTT		MC333
salle		MC334
SAP		MC81
sauvegarde		MC335
sauvegarder		MC336
scanner		MC337
script		MC338
sécurité		MC83
sensible		MC402
serveur		MC339
Service		MC340
SFETN		MC341
Sharepoint		MC342
SIGMA		MC343
signature		MC344
simple		MC345
site		MC346
skype		MC347
SMTP		MC348
sortie		MC349
stage		MC350
stagiaire		MC351
stockage		MC352
streaming		MC353
supervision		MC354
support		MC355
suppression		MC356
supprimer		MC357
sûreté		MC358
sympa		MC359
synchronisation		MC360
système		MC361
Teams		MC362
télécom		MC363
télédistribuer		MC364
téléphone		MC365
téléphonie		MC366
téléphonie fixe		MC367
Téléphonie mobile		MC368
télétravail		MC369
terminal		MC370
TGCC		MC371
thésard		MC372
thèse		MC373
TMA		MC374
traitements		MC375
transfère		MC376
transférer		MC377
transverse		MC378
travaux		MC379
tuleap		MC380
unix		MC381
Utilisateur		MC382
utilisation		MC383
validation		MC384
Véhicule		MC385
virtualisation		MC386
virtuel		MC387
VISIO		MC388
visiteur		MC389
Volumétrie		MC390
VPN		MC391
web		MC392
Webinaire		MC393
wifi		MC394
windows		MC395
workflow		MC396
WSUS		MC397
zone		MC398